[
    {
      "outputFileName": "wwwroot/js/site.js",
      "inputFiles": [
        "Scripts/jquery-3.3.1.min.js",
        "bootstrap-4.1.3-dist/js/bootstrap.min.js",
        "Scripts/all.js",
        "Scripts/script.js"
      ]
    },
    {
        "outputFileName": "wwwroot/js/layout.js",
        "inputFiles": [
            "Scripts/vue.min.js"
        ]
    },
    {
      "outputFileName": "wwwroot/css/layout.css",
      "inputFiles": [
        "bootstrap-4.1.3-dist/css/bootstrap.min.css",
        "css/oswald.css",
        "css/fixed.css",
        "css/style.css"
      ]
    },
    {
        "outputFileName": "wwwroot/favicon.ico",
        "inputFiles": [
            "img/favicon.ico"
        ]
    }
  ]